1.181251953172041680e-01,-2.832482892714050515e-01,-1.762614902253538673e-01
-1.356128157593941841e-01,2.313693809484992647e-01,2.205604786376282045e-01
5.022480162611833165e-01,8.499395268104795176e-02,1.810557866453774423e-01
-2.609687628709179141e-01,2.624575495271070924e-01,-1.613340989409943194e-01
-3.768400727226078328e-01,-2.188702889128648355e-01,1.536896217673473439e-02
7.752514274962936380e-02,2.475701878095089639e-02,4.334422561793381257e-01
6.258960994784981691e-02,1.296420424475537014e-01,-2.529484761059509063e-02
2.650720116045391372e-01,2.255445649451954804e-01,-1.364073923628941754e-01
-5.172034446981792488e-01,2.855832516799736154e-01,-2.146807728072216426e-01
1.839289864912103944e-01,-2.189990495983468524e-02,-1.818691462709586537e-01
-3.683742371435714258e-01,-3.028422006797381605e-01,7.689917171844662391e-02
-1.082280301494572272e-01,-9.215433111508175568e-02,-3.973149072658026248e-02
-3.358722506825959075e-01,1.103049166926959625e-02,1.081462432928304296e-01
3.669825367284362816e-02,4.320679436283738073e-01,-3.230381465674844743e-01
-2.379224226326707714e-01,2.098262610247483839e-01,-3.514177923800211323e-01
2.310559945981893737e-01,-1.435476133026440948e-01,-1.012171998412385726e-01
3.541206322155481256e-01,-3.552919184477710823e-01,1.908925639768470350e-01
-4.428736648739737825e-01,-2.262760540293549602e-02,2.163965138422998258e-01
-2.809588400806152797e-01,-2.975929236910076939e-05,2.155015066560572734e-01
-4.495993458425113221e-01,3.448707547397708018e-01,1.121227428760655787e-01
3.691460838353352591e-01,5.322318066231568334e-01,-2.775629656604166051e-01
-2.381290512093906658e-02,7.987029522610243626e-02,-4.252428284011675608e-01
-9.385394140762721993e-02,7.934628078178461441e-02,3.807717768399127012e-01
-3.117705024884910303e-01,-3.784143769781161959e-02,-5.137870926432575036e-01
3.626551997187658083e-01,1.460372213787143048e-01,-1.200018682213918886e-01
1.491101095437045998e-01,3.677094889394517674e-01,-2.873940595342432403e-01
2.563543849713389999e-01,-6.552511727968928223e-01,1.185290830623103586e-01
7.450733926769552776e-03,2.621241391829520762e-01,-5.089482426083556665e-03
1.482977005987955350e-02,-4.295336560256017289e-01,-1.456358732733226968e-01
-2.510148988936687364e-01,-3.382248190751993011e-01,3.198234036557444093e-01
-4.166195522040909149e-01,-1.936873563297431822e-01,-2.682691649497049302e-01
1.350193006508733640e-01,-3.872575200177326427e-02,-1.708066338394514661e-01
-7.231227366470037443e-02,-2.122691890105099771e-03,-5.374554267887862169e-01
-1.512100319268347148e-01,3.636932155996391164e-02,-2.775612175413339489e-01
-1.228064966992971491e-01,1.078267295592176267e-01,2.693258023103084486e-01
3.493937904242947617e-02,-2.172193694042150458e-01,5.777981460921822743e-01
-2.006284015110988347e-02,2.204344000012708193e-01,2.264835422255379593e-01
2.498740778170369936e-01,-3.623466352671436685e-01,3.813781431548612377e-01
-3.469437995839654842e-01,-3.027745200240701887e-02,2.869752588605805621e-01
-1.663046352896019597e-01,-3.276577370270979950e-01,-2.656155481904086679e-01
4.040623177232814667e-02,3.962592770879964643e-01,1.059584924451611454e-01
-4.100782284931705490e-01,3.010052932391371061e-01,1.217148842001530423e-01
-4.901033168027421616e-02,4.541680519781446379e-01,-2.609547778548935715e-01
-4.249260899229267419e-01,-2.196484852577973157e-01,-2.618755720843439216e-01
-1.680763572172558895e-01,1.076567677345494495e-01,2.138316837949797711e-01
1.698269684866237361e-01,4.340649909428303532e-01,-3.590398222192344169e-01
2.947609486622850827e-01,3.515452326625082557e-01,-1.350459295407829552e-01
9.860488975994750882e-03,4.010722795452932310e-01,1.595238446063463877e-01
-5.519134303698955968e-01,3.467462108947220178e-01,1.824598610366141016e-01
5.205734948925989647e-01,-2.402382091331300706e-01,1.329627166550112760e-01
-1.282721944932710134e-01,4.125080405080271823e-02,-2.954923438227369803e-01
5.419581556794024479e-02,1.985076707461064516e-01,-1.006607527568707389e-01
-5.975044667156835798e-01,-4.775833229616088249e-01,2.291142126817907743e-01
5.894320940400965547e-01,2.676930047597275153e-01,-2.005257542525339942e-01
1.695807988388935150e-01,-2.355579147282582941e-01,-5.699072098857659308e-01
3.707510807812828407e-02,3.753141978047021265e-02,3.436709048169405700e-01
1.943874122594023424e-02,1.568235974851109674e-02,2.129826209473344167e-01
-6.523614978864503144e-02,1.211730894073650006e-01,-5.517253719097632292e-01
6.840142212025290130e-03,-6.692390253107603770e-02,1.588731868430054150e-01
9.195081228730428435e-02,1.157680948972053953e-01,-1.788964622876949295e-01
-3.151549039608440017e-01,1.524497457951318469e-01,-2.563182638469860830e-01
2.299484434636174524e-01,-3.037189545852832517e-01,-1.206525794397010588e-03
-2.612187300647358934e-02,-1.514754616385928787e-01,-2.845612524301394108e-01
-2.396476917787321304e-01,1.498086674460107348e-01,-1.077713247440856975e-01
2.535874768341877042e-02,-4.523708999065270686e-01,-1.794634792089176145e-01
-2.701951675358320037e-01,3.781090243573125287e-01,-3.252311195307295288e-01
3.580093062482982980e-01,1.705815022615421797e-02,-4.962587701838045429e-01
3.759618290674830998e-01,4.205501183297199463e-01,5.777250415359642954e-02
3.356613360763004428e-01,-6.970546682879172895e-01,-1.555381403309018251e-01
-3.105072672326287253e-01,1.218955806277570025e-01,-1.061234829757945336e-01
-2.326254115100321596e-01,-9.593687136176468067e-02,-1.792169304412642439e-01
1.379739427948540875e-01,-6.580250996937097273e-03,-1.010669690701569007e-01
-3.010458191462407340e-01,1.152524653904655888e-01,2.426623691304169717e-01
1.866597327365665249e-01,-1.385847750510509901e-01,1.313608884108923569e-01
-4.087560778915876325e-01,-2.113666902065092501e-01,-2.912448481947242304e-02
1.998619075856113980e-01,-3.111741370688892450e-01,1.247264713484628335e-01
-2.500027729672020804e-01,-4.238870029812528278e-02,-5.110492602210787993e-02
3.302378183326817873e-02,-1.231651661471011294e-01,1.311575006079729599e-01
3.192223220677171125e-01,-2.062046943885988137e-01,1.539651559509785661e-01
-2.894146644598444285e-01,3.154027958830089157e-02,-1.002385270058002709e-01
-1.433953392400412197e-01,4.012622259519794121e-01,-1.436752272824747823e-01
-4.125101879965890200e-02,-2.187791029946711471e-02,1.428271201101933285e-01
2.350166979533158673e-01,8.051612492033112523e-02,-6.654197380604474910e-02
1.239735928275242580e-02,-1.660021681908285529e-01,5.598040912124628565e-02
-7.279871094859843850e-02,3.805391378819203418e-02,1.456472920889662374e-03
-9.997536752992799980e-02,-4.179046010166665992e-01,-3.427662836121774803e-01
-1.574333802905357182e-01,-5.158575076637842427e-01,-1.693056523139513658e-01
9.789949445600516775e-02,1.759073984585902140e-01,-1.205979729806971879e-01
-1.811609382332216578e-01,4.452934575887451674e-02,-1.664661042242747413e-01
-1.872962957418330271e-02,5.866641194006529114e-02,6.130847367966341110e-01
-1.399208856385053545e-01,4.069559898652887475e-01,2.981989680420402689e-01
4.996519976276645597e-02,1.544223264222001346e-01,1.914579820390548692e-01
1.868615141990753736e-01,-1.891501011135258425e-01,1.627373443192170199e-01
-1.488710750267767668e-01,2.544058178869050280e-01,-1.799024981249889854e-01
2.918918888093898767e-01,-8.467625595615650702e-02,6.459910547157938776e-01
2.450682068762976562e-01,-1.841708133976722173e-01,-9.343773418849599111e-02
-3.554183273532668941e-01,3.909015052233395515e-01,1.355384933336836739e-01
-2.941925702446387403e-01,1.886021673994513759e-01,-1.537021364376131294e-01
-3.172604037204715399e-01,-4.992641805080621879e-03,2.559919404901375359e-02
2.788701562387644883e-01,8.098807068540592180e-02,6.658713793953437154e-02
2.834935724515976752e-01,1.658977372720026600e-01,-1.882742665693531159e-01
-4.015677717538836400e-01,-1.504438331788342798e-01,8.169284712206228982e-02
-1.475584981182249122e-01,-3.322022821350709143e-01,1.426719070876325823e-01
6.040640397389116512e-01,1.078728396333337725e-01,2.236535552724298603e-01
-2.947190876217211652e-01,4.185489972888163379e-01,-3.807616819228144302e-03
-2.061877922085077752e-01,-6.045726134209745972e-02,5.599904351876067166e-02
3.552953193323912240e-01,4.031912041733851093e-02,-2.808585408128263117e-03
-6.972181166672444808e-02,-2.039439109663971073e-01,4.697303102061732849e-01
-5.212094511126776908e-01,-4.341269968065810531e-02,3.045908845615310501e-01
2.078525191299453734e-01,-1.733380816154391768e-01,2.090686742135155207e-01
1.126983624466931372e-01,-2.648754946639634289e-01,3.156116622303508090e-01
2.225817745231869760e-01,2.276564376364055564e-01,-2.559942180444433890e-01
1.100988239203640057e-01,-6.528607361240672258e-02,3.463075510282966341e-01
1.138305936176510769e-01,1.200565074320341236e-01,2.143135395325435066e-01
1.295951275287013371e-02,4.089210239062743280e-01,1.971940061933435129e-01
-1.825828307041839627e-01,-2.792251750278333389e-01,-1.135759420178398954e-01
-1.786439671853818495e-02,3.501852242362326478e-02,2.209342640194180141e-01
-6.318069161938649758e-02,1.542989393952753641e-01,-1.900782746152756830e-01
3.295327467104257058e-01,-4.410653390701964605e-01,1.619448485676066862e-01
-2.971351398480058248e-01,2.987998802984264679e-01,1.466476551288552754e-01
-2.758264692462344958e-01,1.885978626208584530e-01,1.575541860413407214e-01
2.403665621054406898e-01,4.210643852751023153e-01,9.294220567804357958e-02
5.982885932778478355e-02,2.755550843389333038e-02,3.972109780604564100e-01
-1.141878562718640217e-01,-3.079072022014663346e-01,-1.996745698159100302e-01
-2.232869180784511631e-01,3.756592766413190815e-02,4.253047895715646454e-01
1.928754212206642560e-01,-3.514081866472131832e-01,4.966597988433211347e-02
-5.626408161726988988e-01,9.917569248322800901e-02,-1.750480220841998252e-02
-2.867062696360103691e-01,1.270694599442329098e-01,-2.202463143583575367e-01
-1.485307092709400034e-01,-4.765847651989266187e-01,1.787812703148413396e-01
3.205530167081092618e-01,-5.962770669592418887e-03,-8.025382330834605893e-02
-2.464593889433773777e-01,6.993191206650082314e-01,-3.979646422597120370e-02
-2.351672601285704212e-01,2.615747690231464140e-01,-1.979747942610758649e-01
8.353192141739056858e-03,-3.798027206325021443e-01,4.309528159037603889e-01
4.810791881358945227e-02,3.050421822366191638e-01,-1.748915339897075261e-01
5.103095473420494743e-01,1.274835851454022562e-01,4.822294734989499010e-01
-1.072916908043861361e-01,8.446520159991149912e-02,-1.553878407294753336e-02
-2.048690005040665341e-01,-6.797667977233559644e-02,4.901687957159773235e-01
-2.089723405293216763e-01,3.423280174397465569e-01,-2.460074119495078357e-03
-1.367357577747084219e-01,-3.855743046703497545e-01,3.970967579528748570e-01
-4.757363732512162602e-01,-4.629122033007991299e-01,-4.322097030653859751e-01
8.739814889881519777e-02,-2.247390529102251677e-01,3.102275226625899121e-02
-6.986216741087465654e-02,2.103554456406377809e-02,1.544395269130332815e-01
-4.171561482077668775e-02,2.130776536822897860e-01,-3.022251825087138855e-01
-3.381599421189264779e-03,1.950562053368811721e-01,-2.272106203939325553e-01
-1.578395408012892021e-01,-4.232292561221134147e-02,-4.949644566341271368e-02
-5.324739189079794044e-02,6.004101489870438124e-01,-9.344133197489161713e-01
4.504609685321793178e-01,1.708239873321844571e-01,3.734929668429583516e-01
6.494586790600437309e-02,2.291566096322306678e-01,-1.524836984413069640e-01
8.492283178182481740e-02,-1.102618314675148925e-01,3.093679204245516345e-01
-6.423640428216401688e-01,-9.192594823287100758e-02,6.930091618620583260e-02
3.451141312231194025e-01,-5.770370229560711772e-01,-1.255825950856893081e-01
-1.480589840973313698e-01,3.850567275128555789e-01,-9.642497394235061137e-03
2.148434877602321547e-01,-1.220050673321098345e-01,-8.460884173090550686e-02
-1.017878471495915621e-01,2.690604580395180023e-01,-3.385259166969560862e-01
4.400001477790032034e-01,-2.999682941606529596e-01,1.976095268840458441e-01
-3.957319930763968097e-02,-1.492506214493918848e-02,3.798034487966431977e-02
-2.678294010345100284e-01,-2.085975851436557282e-01,-2.287666296563779234e-01
-1.076574500462774420e-01,-1.632557367693480699e-01,1.777757410662209603e-01
1.966610249391110288e-01,3.522723950596941545e-01,1.035517915174306858e-01
4.016565587132694404e-01,-5.510560644182998374e-02,-9.460666055126204510e-02
2.102555900013519108e-01,2.881642707757180455e-01,5.548415146010402671e-02
1.663172161280382366e-01,-2.082891750478685008e-02,-5.689383536393829641e-03
-7.502398767732507308e-03,9.719925113237085079e-02,-8.612879823650868016e-02
-4.410854670873418960e-03,3.537782935129434314e-01,2.256136519896580761e-01
3.802890441980798508e-01,-1.544286941232206334e-02,-1.114282410228851911e-01
-9.835226199770696898e-02,3.525280946879266741e-01,-6.535727049188825299e-01
1.573891254848014121e-01,-1.069593765381662009e-01,2.201650915677613451e-01
-2.835299024480674723e-01,4.638933239712316192e-01,-3.479197605690265704e-01
7.181656183533974280e-02,6.141879208934501906e-03,5.262493217456068462e-02
1.158613128756549593e-01,8.758374600355457729e-02,1.414708246102650523e-02
-3.195696399274077382e-03,-1.919916804476105576e-01,1.092164866964819570e-01
-3.664451165811782318e-01,1.389277425674314559e-01,-1.685002582069583532e-01
-2.069860631550081986e-01,-3.098565901872336048e-01,5.186209693670656984e-01
5.488754552401148290e-02,4.489735353528684358e-01,-7.161045018683620533e-02
2.162197016367738700e-01,-2.355005536422602741e-01,-2.396229651090658608e-01
5.014842915702151238e-01,-5.281193753558956205e-02,3.791694780914146856e-02
1.136132691556731439e-01,-2.180298530286968739e-01,5.094895313042790280e-02
2.603526871979283119e-01,4.610174391345311928e-01,-1.677851912313349236e-01
-2.780121554871131662e-01,2.676967936365684531e-01,4.851923939112088302e-01
-4.828778244281781706e-01,2.925021318015304517e-01,1.296235190095874346e-01
3.787678012500028668e-01,1.364909876690796331e-01,-1.111342420595533009e-01
2.179499927765242984e-01,-2.796965806032929436e-01,-1.165095741311658190e-01
1.129937865230617039e-01,-8.001798275749971712e-02,1.863606140887119345e-01
-3.946967560065409719e-01,2.499770844110391910e-01,-4.182482202733766585e-01
-3.403551581502664569e-01,1.562033431862964727e-01,-2.138219326892840111e-01
8.591413555850083150e-02,-1.559450056643833793e-01,-1.539455398001807890e-02
3.165327141123628896e-01,-3.105189991872369659e-01,-2.428191384299354383e-01
2.486673346586336097e-01,-3.067749482943129061e-02,-1.693888823411860700e-01
-4.187631392027250654e-01,9.686592941129552881e-02,-2.277873048059582128e-01
-3.093907293141142656e-01,6.284954959613368863e-02,-1.079575696937632584e-02
2.252747483020346442e-01,-1.361728226101324539e-02,-2.394467641183146145e-01
-3.932893556224212328e-01,-4.641250812777655832e-02,-2.213741116713867363e-02
-2.451231663268386984e-02,-6.973351282127984163e-01,3.943972640801999587e-03
7.938143055705253193e-02,3.314017101423837319e-01,2.484260220822217535e-01
3.559087069141405602e-01,-3.322501560751600636e-02,-2.133680959144955425e-01
-2.759971852090971067e-01,-1.694507507419907577e-01,3.848469292541500941e-01
1.193300126872441774e-01,-1.769430943183976368e-01,1.934959117573660237e-01
1.043082411518394398e-01,-8.392920274620341292e-02,7.591532543495133067e-02
-1.374125942973312420e-01,-5.689105603924775600e-01,-9.512847993449724537e-02
-1.901116196718573292e-01,1.695283084708401888e-01,-7.557099298568871470e-02
1.433741246706071032e-02,-1.488550233296524195e-01,-1.598159086389035199e-01
2.379551075656303472e-01,7.435609710342473699e-02,-9.953115140513961456e-02
3.474255659781698702e-01,-2.438646050379714991e-01,2.909420414909222319e-01
3.025595354984484953e-01,-7.015740520669559721e-02,2.588298122245841770e-01
-9.206883780835002640e-02,5.200976630767232406e-02,-8.433254736754476621e-02
-3.003886231393800288e-01,-8.348855477376833367e-02,4.102647553704510952e-01
-1.390555755611904143e-01,5.819334578585093620e-01,-1.088686623702380951e-01
-1.719565346667387140e-02,4.450201998222581001e-01,-5.725654796305137406e-01
-1.723247349854826471e-01,-9.067250150748165649e-02,3.280517225720525065e-01
-2.544702915340106841e-01,-3.026218695448092411e-01,3.046518604758875481e-01
-5.513565533262851925e-01,1.081391423873654112e-01,2.609872351543417457e-01
1.242948052348537280e-02,1.034571612555609532e-01,-5.219894553557705708e-01
3.214209065866682757e-02,3.023163639097040112e-01,-5.503417393957851789e-02
8.367330334436604011e-02,-2.125722941977650216e-01,2.531261453002791456e-02
5.843872479122075303e-03,1.609640498174344514e-01,-1.203215694631396271e-01
2.631590339385092570e-01,-9.622884654687012540e-02,8.904537178432779532e-02
-2.262410854612320887e-01,4.322854995963174018e-02,-5.534442638216683502e-02
1.388245244381050569e-01,2.085159649171215712e-02,-2.487575947564440310e-02
-2.953120240435765931e-01,1.829495913757689732e-02,1.592649732503685911e-01
-4.001373584430857134e-04,3.410673977853618255e-01,1.902861543749352069e-01
-6.587140906224760173e-02,3.783285706552234617e-01,2.025355343978751943e-01
3.376667092135894888e-01,-6.975368842137048830e-02,9.649693150797891694e-02
-2.545595634049277467e-02,-2.368452234029705394e-01,2.022133931520758276e-03
9.325328181980549469e-02,-1.617460640687130857e-02,-1.104547782300750181e-01
2.787570728995648617e-01,3.660400868319006740e-02,-1.825130059534662008e-01
1.208839438206389255e-01,-4.052303659397429175e-02,-2.957913823940958031e-01
4.093982239552442226e-01,9.475108506439175460e-02,-1.868019259022120349e-01
-1.391017109765930460e-01,2.833879219766611834e-01,-1.391521295117092993e-01
-8.847103430142910785e-02,-1.496674689877515452e-01,-2.940323868098260740e-01
2.217196818052960261e-01,5.382806588048039131e-01,7.043784884712993299e-02
-4.637822185285602611e-02,-6.558685184994815509e-02,1.521941639335998575e-01
6.599567879492720945e-02,5.861312580052552290e-01,-2.023646233000737649e-01
-4.620611957028057659e-02,-7.588346472822449229e-02,1.424973086889710638e-01
-2.115360260294458505e-01,8.547635539643570757e-02,-1.118025232019481847e-02
-1.307543002169787305e-01,-1.667170402616041380e-01,7.125512534409385312e-02
1.060832090998428401e-01,-5.927462668766236842e-01,-2.259466734668839627e-01
2.022879070068940299e-01,2.788687644128888254e-01,-2.555203495563441729e-01
-3.002563254647293289e-02,-4.103428702286405216e-01,1.428923602276638005e-01
6.144480539671155761e-02,1.396219684675704120e-01,1.644276089126171514e-01
-1.215973937753150602e-01,1.137751371547480739e-01,-1.642107602651090778e-02
3.539891232310000690e-01,-3.474359089792099509e-01,8.512563203527137579e-02
-2.859021885334776525e-01,-2.465699530214717772e-01,2.232689996402618948e-02
5.198574033940694950e-01,-3.998951455490200035e-01,4.529374772248282999e-01
2.277691793779085538e-01,-8.213681577478038065e-02,-2.089912967195066140e-01
4.062408758122486585e-01,3.638025696327894520e-01,2.432389557763988130e-01
-3.680736595850320203e-01,2.677719372028769529e-01,-3.194181873953041984e-01
2.558898056450186753e-01,-2.890732978025768729e-02,-4.454671508362815224e-01
6.084842478663406162e-02,-3.863566605431236756e-01,1.641786246364478619e-01
-5.036187849144397877e-01,-2.310975611731066331e-02,-5.557103977509251225e-01
3.055931539470524982e-01,-1.879201402746227042e-03,-2.994868662783376975e-02
-1.735841097364941576e-01,1.440796832508181857e-01,-3.336447168952031556e-02
2.597332914218616340e-01,3.842009288322587035e-01,2.332405375128250857e-01
-4.383400237305807440e-02,-2.273680070257624586e-01,-4.226130684949129246e-01
1.112442037308867537e-01,2.483286126592098020e-01,2.695594693567916478e-01
4.840312777512955078e-01,-5.922763300909532624e-01,-3.784267517639959277e-01
1.171932125757154004e-02,3.633737194121542391e-01,1.329710162754304537e-01
-2.693802266998111539e-01,4.078048878474642147e-01,-3.172456562293509696e-01
-2.604174574883372228e-01,-1.515415389295251269e-01,2.136687425214839342e-01
2.642388771416441795e-01,-1.551082049453937628e-01,3.807036690583588401e-01
8.171696341795060547e-01,-1.181397540399794915e-01,-4.950779083789552115e-01
-3.041705110413248092e-01,-3.084926457479960846e-02,2.406404891022940196e-01
-1.724767097552788730e-01,7.550306166592204993e-02,3.060653009691143844e-01
-9.423305446121958695e-03,2.075835931686605684e-01,3.585991000912411297e-01
3.014882138436483089e-02,-3.768693574739558350e-01,-3.008706617292249974e-01
2.710466056519611477e-01,7.419300582101269470e-02,-2.897607803814273852e-01
2.428658112025851856e-01,3.376440417489368680e-03,9.778935613072782529e-03
-8.772748372404730322e-02,3.857140255450831612e-01,3.679366810666390153e-01
-4.999046783522998610e-02,-4.153754091751820504e-02,1.007145226897794982e-01
1.756979644225294818e-02,1.567663277737093575e-01,2.409866165254750114e-01
1.915496964905892552e-01,2.256914425947748482e-03,1.430743101931921113e-01
-1.536306270074696834e-01,-2.188586169141532034e-01,1.041325821667529565e-02
-9.047730113236020222e-02,-8.611078898243111623e-02,-6.930133132576012933e-01
-1.457376275374310248e-01,-1.369458227375510151e-01,-1.868456191442363981e-02
1.133336804475304493e-02,3.451107844284329040e-02,1.037772911963652858e-02
2.424058904841814577e-01,6.006329602960318315e-02,-1.224599811513027436e-01
1.369435742605912482e-04,-5.274389467839969703e-02,4.287002253086998893e-01
-2.664468122642465464e-01,1.837139056083314792e-01,1.646230325821698426e-01
2.770843224323709109e-01,3.216531210544156250e-01,-2.508178697806069668e-02
-2.086924677053889898e-01,3.800342904351035611e-01,1.324511141042475082e-01
-3.337269556330683118e-01,3.332595088147120577e-01,1.184383116495396626e-01
-3.775852580507182976e-01,-2.554254173119387128e-02,4.119616140655271708e-01
2.241352586932780500e-01,-9.833268921792509554e-02,1.646193312490665528e-01
2.055701133496604452e-02,3.572817504570386521e-02,3.549815734464158434e-01
6.956189906746169244e-03,1.596030386613926377e-01,9.958786258821100690e-02
-8.564638088512015190e-02,-1.014724266833764155e-01,7.519162969551769493e-02
2.543052676950227076e-01,2.211468439106944739e-01,-2.471568336936068866e-01
1.268362338330437100e-01,4.897423495439449936e-02,-3.171079566744333667e-01
5.084500914093463553e-02,4.660124330657365865e-01,1.602978774894632807e-01
-3.810484508621282407e-01,-3.090010071172921355e-02,-2.094238658268324782e-01
2.272434139672294129e-02,2.875781125508746761e-01,-6.944846095443052425e-02
-1.658127947354324505e-01,2.175031407301875053e-01,2.876441686173304424e-01
-2.445182003956253292e-01,7.256940761353936412e-03,3.703131979092221249e-01
3.297122685539878584e-02,2.895560108530036980e-01,-5.548131825600988165e-02
7.056038957111712140e-01,1.838745528740993729e-01,-1.984585400446895187e-01
-1.557166381817630917e-02,-5.740934889470952762e-02,-2.256846969197844888e-01
-3.700845336915793704e-02,8.530001960472356759e-03,9.773605453537834165e-02
-1.325291572891091913e-03,-9.938377858348730609e-02,9.742284768251809057e-02
-1.800322311085184868e-01,-5.658549679725692894e-01,2.569351874988808904e-01
-3.625116640277037949e-01,-6.938869351603130231e-02,-3.588561670369918577e-01
-1.116437547665106583e-01,6.405268527661767131e-02,-2.594743239933612333e-01
-1.986721998345065687e-01,6.019839769232073756e-01,3.499854831740031313e-01
-2.739377406922701153e-01,-1.360481708411139801e-01,-2.045979879233370269e-01
1.794138457844256240e-03,1.806639863416532876e-01,-2.226080828745474749e-01
2.804001216382757122e-01,-1.430897641039464707e-01,3.051410795483481819e-01
-9.126453997238365146e-02,1.463986274641588259e-01,2.210018034972570100e-01
6.495487994670482573e-03,1.402984084257961894e-01,1.955752561581044768e-01
-3.435646364187698310e-01,2.925619673273883170e-01,-7.272851128941620891e-01
-4.728407898115714603e-01,-1.017309100108680087e-01,-5.811617366237643578e-01
7.963024922938625669e-03,-1.961720715249476998e-01,-6.307193730001474374e-02
-1.376886348027250330e-02,3.759288985334864608e-02,-3.411294163275347957e-01
-3.818772914672906582e-01,-1.264710653405627938e-01,4.190026626369415530e-02
-5.016890393157698025e-01,4.676699699760165918e-02,-9.784250252118079083e-02
-9.402388644342304577e-03,9.165976136791537110e-02,-1.914056114262081276e-01
-1.048396778209044200e-01,3.586858641560248806e-01,-7.082369462581127734e-03
3.362895535527705704e-01,1.394838505545247798e-01,2.382358253798993186e-01
-1.054875635673141882e-01,-1.468304289783950167e-01,-2.968242460755509127e-01
-5.102237315779403759e-02,-5.686066143283916574e-01,1.864019977784447946e-01
1.626359649733434276e-01,1.578418549284741623e-01,1.261138155786367399e-01
3.374491987199352838e-01,-5.052085563383380135e-02,9.094637290637612448e-02
4.367332579940780279e-01,-1.621233894922205487e-01,4.307742720071258136e-01
2.131052960039022393e-01,-4.594515945605148755e-01,6.028082937809254860e-01
4.336239353302219768e-01,1.849130602712763805e-01,-1.631328440520925516e-01
1.455761861188855505e-02,3.798875028410956395e-02,1.593891043913928107e-01
3.552595194897406605e-01,-2.713702370593839772e-02,2.362470921101899601e-01
-2.489241395882465235e-01,-1.648595358508817832e-01,3.891380420967648912e-01
-4.877593444143690227e-01,3.290790536030049340e-01,4.285936030767039662e-01
-3.701987054081566364e-01,2.610435223690358852e-01,-1.247959190040360683e-01
1.300399455345932487e-01,-3.809574674418557683e-01,-3.650660435887651545e-01
-1.683536030375261741e-02,4.116735929638821179e-01,-1.325221647618843868e-01
-2.304888015785657163e-01,-3.110145079938657076e-01,2.294282418947392044e-01
-5.195766320790957682e-01,-4.262337065813422976e-01,3.399470994121452927e-01
1.662570904453575804e-01,7.502839737012678700e-02,3.736036953468802047e-01
9.937151161268095723e-02,-1.903999127341286512e-01,-1.585044930046393130e-01
1.382530834571898126e-01,-4.889317741030679842e-01,3.481569236308885151e-01
-1.400830793415113462e-01,2.725465414850393175e-01,1.342070411304336908e-01
-4.713727021025972963e-01,2.567949868987038919e-01,-6.207402999191201885e-03
6.479492404180581255e-02,3.186620118818108138e-01,6.513633674397080187e-01
1.700298476812300407e-03,6.235950055315765406e-01,1.445061392345002712e-03
-1.184328916761218237e-01,-4.446157965899212236e-03,-4.113105219530510670e-01
2.785325660701392092e-01,-3.211238471547576689e-01,2.975411736269492624e-01
1.077462289522911065e-01,-3.664149445710667696e-01,-4.021883086228454918e-01
-1.380267922823723570e-01,-2.317406315466365996e-01,3.199543349672912158e-03
5.789140319399144197e-01,-9.101336252793224002e-02,3.289011503807354742e-01
6.262365654329912941e-04,-6.558640155060548038e-02,-1.306423274712174287e-01
-2.186590610402629475e-01,-1.344877305635849007e-01,-3.025962435094382563e-01
-2.638527613770814614e-02,-6.837980830538872845e-02,1.017117073312811398e-01
-4.376201747433342698e-02,-4.459500510826662142e-03,4.621405743470021754e-01
-1.813298487917630319e-01,2.466846674664590344e-01,8.429981098689595664e-02
-4.152338263657470718e-01,1.731888500739099390e-01,5.383837948860387829e-02
3.703120586545584625e-01,-4.068244498759069905e-01,-3.390260090387649528e-01
3.102705133658261172e-01,-4.270280367410770328e-01,-3.179154592933246259e-02
5.964001291573570174e-02,-1.693436966055718862e-01,-3.838848336382815196e-01
-1.405500720236081136e-01,4.211047703660846797e-01,3.664273956549230632e-02
1.671435120960137188e-01,4.872395719862352981e-01,1.848722302557615632e-02
-3.458934821543058202e-01,-4.174617339739019051e-01,-5.048544152581292410e-01
-2.212711359429139213e-01,-1.341513688446461794e-01,1.915458926667898062e-02
-5.214157658822771158e-01,2.598015544425325563e-01,-3.689547006330161638e-01
1.223754451739542809e-01,-6.839409738770685365e-02,-1.692774408081723914e-01
-2.477833014764407871e-01,-1.564603376085433040e-01,4.543935793895608755e-01
3.311686845120858091e-01,-1.591450892378160065e-01,-1.123584305052071630e-01
1.285784692433449838e-01,-4.208180258256304929e-01,1.990152899757671456e-01
-8.923670097182076488e-02,-2.543136856241327015e-01,-5.650442407350528273e-02
-1.920301217464535637e-01,4.766599014165819326e-01,1.483307848476635160e-01
8.138521301663487195e-02,4.363803475584138725e-01,4.928831191141164365e-03
-1.286456963935433684e-01,4.810288711689452712e-01,-2.636692457700415826e-01
2.777876598027925747e-01,-7.072903280539012683e-02,3.802627193835871333e-01
-3.342760828276199470e-01,-3.420027663589714217e-01,1.740341281149578728e-02
1.217708864920270945e-01,-2.125110374741698283e-01,-5.124574748103485899e-02
3.638893810616329882e-01,1.799655038447124378e-01,6.308721903057717961e-02
1.539068892997956794e-01,-3.291819668039851488e-01,-8.061605882008495219e-03
8.469698118900088890e-02,-1.732448207098420123e-01,1.363828564906445218e-01
7.856497663521104860e-03,-1.774277242691088829e-01,-8.130058924196222059e-02
2.227456414635335946e-01,-2.614584168589459412e-01,8.921571012321029281e-02
-5.003411535083652356e-02,2.223482696070372411e-01,-1.116459201639805332e-01
-3.999737062040853441e-01,-8.282132040392210792e-02,-1.073988746724250931e-01
1.066867958155123669e-01,-9.724508430968194228e-02,-1.209531548240705828e-01
-1.037198815142712470e-02,6.257518381398310958e-02,-1.449122627140795802e-02
2.710089873366898217e-01,8.756261681813008735e-02,-1.832712237598084770e-01
1.252279829424256252e-01,-1.165439679096927639e-01,8.298033122054192245e-02
3.213365720463568637e-02,-2.243579312648067703e-01,-1.395268330771725906e-01
-3.076115459112616773e-02,3.734390014721364892e-01,-1.633474625964722038e-01
2.876415491375526323e-01,7.171727747057532465e-02,-1.034911261102006846e-01
1.515828498108173217e-01,6.361001382121099501e-02,-2.273704767092753487e-01
-2.126859272020891756e-01,-9.109820222325477890e-02,-3.211471692897265306e-01
-3.099122319046897500e-01,-2.902970283934694917e-01,2.324314550443255245e-01
-3.466316372536483170e-01,-1.650712512161236489e-01,2.854825609529678676e-01
-6.587549315006033801e-01,8.378361094439337742e-02,8.384759951059278515e-02
2.328629621479968437e-01,-9.816447940383889181e-02,-2.878174667016919486e-01
1.390492646194070869e-01,3.336325062730334801e-01,-5.816019923887053578e-01
-8.612037242201094067e-02,-4.192548418952700418e-02,-2.969386906974471607e-01
2.576611973457246796e-01,2.495283855688385510e-01,-1.226602763703565219e-01
4.917447017293594680e-01,3.158720833848041587e-01,-7.589366560094842895e-02
1.635543570305227623e-01,3.987522657735814713e-01,-2.235479435299242684e-03
-9.193484642223749559e-02,6.723336751685880797e-02,-2.116164835207567374e-01
2.140385628366754944e-01,2.096551385053369299e-01,1.059313790844154946e-01
1.614528009840949380e-02,-1.434096146533733185e-01,-1.228709497435560155e-01
7.902413603438546152e-02,2.908018273716319602e-01,-4.930635903714087470e-02
-2.878826549224319103e-02,-2.967634894058537309e-01,-1.875559124399936439e-01
-1.865256417268930655e-01,-9.725197523523708421e-02,1.775792040517377435e-01
3.265116125362377275e-02,-5.608053945786308780e-01,1.810989423141931912e-02
3.748859567774979751e-01,5.051835335925489723e-01,2.067342571201371756e-02
5.996949126164083377e-02,1.712828570722420563e-01,1.268439881225888466e-01
-8.807809610345160856e-01,2.152316022399948792e-01,-2.278923694567528413e-01
2.352756863179644442e-01,-4.362139345352732400e-01,4.842097778133327424e-01
4.305176097999858370e-02,6.439026238013449699e-02,-4.516359429528053748e-02
-3.524961484973813675e-01,-1.475161214685123956e-01,-3.708649918782912502e-01
1.213589454999787348e-01,2.259481139413710149e-01,4.053940501991021850e-01
-2.035369302616209589e-02,5.569407066481001783e-02,2.579843282445776764e-01
2.672998726326242247e-01,5.612158915247549701e-02,3.556174317354174330e-01
-4.478090862633508085e-01,-8.650298633179048791e-02,-3.834545952350549292e-01
-9.560409505567761534e-02,-4.114417285121872991e-01,-2.811023083753645957e-01
8.575513730166262061e-02,1.280361037907652988e-01,5.933264272257225691e-02
1.655943965047630972e-01,6.746086952634897105e-02,9.760372707840220263e-03
1.733662551234193550e-01,-4.793367291834722543e-01,2.619233565015521292e-01
3.647150190906651712e-01,9.077004795312819396e-02,-1.865318060432828717e-01
6.376726322474964015e-02,2.998501153874609804e-01,-2.549970280864077496e-02
-3.346279351664792345e-02,-5.020488225619519629e-02,-2.457470555878989993e-01
-2.332011231584568134e-01,2.425069882018531242e-01,-4.290306519502294635e-02
-3.086965209522719578e-01,1.969037378491663715e-01,-1.111279867954845790e-01
-3.745278539129486273e-01,-1.325638397608001895e-01,1.396951147676929461e-01
1.953169542389301405e-01,2.004968745480129044e-01,-6.372392823715193888e-01
8.128459846898998531e-02,-1.591465502939325705e-01,-6.913065293955915347e-02
1.226329893886461513e-02,7.100273811782704947e-02,3.071261238155082451e-01
1.240691189175595899e-01,-3.273863768389436713e-01,5.121986483602328916e-02
-2.808358592129546749e-01,2.196932639629810280e-01,-1.460175012818500651e-01
-1.489528805069632311e-01,7.899749367560131574e-01,2.690885109294748889e-01
2.186840333018420512e-01,-3.556059214503601296e-01,8.905931149486553955e-02
2.567494110078145653e-01,-4.454309594586327581e-01,4.343322893096319692e-01
-3.331624290346368172e-02,4.225258160640293359e-01,-1.678282441728283225e-01
-2.324438408586601210e-02,-4.870780707720365199e-02,-4.904661830046529863e-02
6.950214562756772130e-02,-1.282757479846251270e-01,1.969946685099309425e-01
-1.618597908532199980e-01,1.878613957339938245e-01,1.168556160139354594e-01
-3.075191832577308659e-01,7.671234836752596764e-02,1.064427322594030251e-01
3.135616340450493866e-01,-7.688517215137033803e-03,4.817922229637886487e-03
6.862640479376450053e-02,9.018719684741902110e-02,-4.829112574142052638e-01
-8.835557749887223977e-01,3.693414619450086644e-01,5.998229287866642112e-01
-3.736394452579406278e-01,3.101331087195079439e-01,-2.130880187675770199e-01
1.604907773979365182e-01,-8.036188198328610144e-02,4.845096041995471392e-01
6.466174707464283911e-02,5.095674071886688861e-01,1.812141284771373040e-01
-7.965073662761069928e-02,8.442755208778340847e-02,-3.034232391417781075e-02
1.071740075449138102e-01,1.358195173036020331e-01,-3.282383058350603067e-01
1.853569517147707346e-01,-1.872669462147514285e-01,3.562218856615050055e-02
-2.230430696764874043e-01,1.873881603769025628e-01,5.297691111134737729e-02
-4.072086400912310888e-01,4.236809055428459314e-01,9.568749132987898476e-02
-2.624132859577166799e-01,-3.673155731114478573e-01,-9.497444622834430583e-02
-4.928407183960797910e-02,8.348732195794543454e-02,1.602879918224709710e-01
-2.628075610502622061e-01,2.208570446608137949e-01,-1.189519884485862738e-01
3.366186831818366865e-01,-2.691522562734914303e-01,-1.390774028192998668e-01
3.411558677805958673e-01,-1.795776009737632684e-01,4.105831153260932620e-01
9.194629151134346701e-02,5.651662240898312067e-02,-3.133286739810224319e-01
-1.489928785589181015e-01,-2.077480441051119536e-02,4.443930067715413101e-01
6.570072180129253592e-02,2.398557772524863851e-01,2.363182721013243337e-01
-5.160867733072677099e-01,1.333999679935896944e-02,9.446879283872994248e-02
-3.376642064742779170e-01,-1.806636122866209782e-01,2.778201495858013681e-01
-8.347697630291832371e-02,1.297251696809375299e-01,4.756322048192165863e-01
1.545765766946148069e-02,3.614513482182361154e-02,1.878473076816524617e-02
2.916693812200499281e-01,-1.520284738560301330e-01,6.425256264288435604e-02
1.998656155234883047e-01,9.854006032299160098e-03,1.873816954195940410e-01
2.398133144036820319e-01,3.567410622439175505e-01,4.792420154318222797e-02
2.499321554965469594e-01,1.377511252716233647e-01,-1.547839317794844349e-01
1.619668902187851867e-01,-6.127837145572946342e-01,1.916482862933170384e-01
1.676876545381457417e-02,2.120483496375772936e-01,9.977876152254255837e-02
-4.883100422026335763e-01,1.025578237302549461e-01,2.385963596185182722e-01
-1.334516547419907773e-01,2.486907498889260326e-01,-6.515454684752618186e-02
3.870344211889065744e-01,1.721126018086538076e-02,6.679576703207571603e-03
4.848877441405718969e-02,-3.171411888134582913e-02,3.511597676035890445e-03
-4.556273646223719664e-01,1.456483840511721695e-01,-3.308066048676072679e-01
-5.312996675639904132e-02,-1.600229976338907179e-02,-2.804564029426040092e-02
-2.663744533580616469e-01,-7.492582585101958959e-02,5.420290030393964259e-02
-3.230489576611146885e-01,5.929383983144116341e-03,-1.738037803412174898e-01
1.709058166568560022e-01,-2.562843960012137767e-01,4.097088267647400750e-01
-3.230784012467785571e-02,-1.349385031165589721e-01,1.098857588609616909e-01
7.539122732623883272e-02,-2.370640680919594012e-01,-1.960870723235185742e-01
2.010914761330806488e-01,-2.536321133437720657e-02,3.672282063544213826e-01
9.593465004830584175e-02,1.647435830928851985e-01,3.221684454663736874e-01
4.340808993943728322e-01,1.866332522764139468e-01,-1.992975768366644918e-02
-9.201406626709873748e-02,-2.055750672121312017e-01,2.245184725671402759e-01
-1.211589341915390028e-01,-2.315503335753914538e-01,4.360830008380219003e-02
-8.788752575532060574e-02,3.094991562623398140e-01,-1.176812525272592641e-01
3.058859296379853182e-02,-1.153768782208807082e-02,8.187505310443840209e-03
5.466047458732815612e-01,4.673188994122885742e-02,-2.022758576024658028e-01
-5.847896313934611845e-01,-2.130068710542088184e-01,2.820418212402826530e-01
1.179231673025859031e-02,-1.145266226279198357e-01,-2.139988178451813355e-02
2.501563559128588410e-01,-2.912857913470566773e-01,-1.133171701994975522e-01
9.325776158506915436e-02,2.787043359545599702e-02,-1.882807322567425778e-01
2.798679462797919459e-01,2.397272327054973673e-01,-1.315358163610699793e-01
1.664657285331100911e-01,-2.581813783532866946e-01,7.477472718867871071e-02
1.362480927830466149e-01,3.232906145465130193e-02,-2.071426048733266689e-01
-7.418900040861302336e-02,2.719019019941914528e-01,-3.166605720141022484e-01
2.122841027819241944e-01,-3.748032590682432580e-02,2.101981366918711791e-01
1.920969463917808484e-01,-1.741674675953946150e-01,9.691790962835795942e-02
-3.756450221403234008e-02,-2.740148610619976832e-01,3.159495641938482313e-01
2.944021421433701824e-01,-1.530715528830429994e-01,-4.240719793570012497e-01
4.623261974134199592e-01,8.482364662034326541e-02,-4.034857581586975273e-01
1.478989460934126421e-01,6.193298393226397414e-01,2.967277013605151836e-01
-1.658211101131550902e-01,-1.220330461247809591e-02,-1.085787758621354626e-01
6.559201127570303547e-02,-3.276143373472136661e-02,2.526154885611869294e-01
9.166539871937674777e-02,-1.077292700117878643e-01,1.287226957562729798e-02
2.559179401522670427e-01,-1.058271772109086462e-01,7.373149348811182391e-02
1.167715537125800090e-01,2.832112727993469845e-02,3.448892656512213273e-02
2.083703301584682588e-01,8.624950666135731796e-04,1.309187219862372742e-01
6.552782571580376136e-02,1.324573623028479641e-01,-6.475140176117494262e-02
-3.450829049072072774e-01,7.554086051717590067e-02,-1.527077830408803474e-02
1.661473266081037459e-01,-3.235402210551252544e-01,3.178659089510296187e-01
4.501944373453050097e-01,-4.016920749869590246e-01,-3.987672132542509351e-02
3.951568729853768280e-01,2.473130157000210105e-01,-1.065386305441357595e-01
-1.241062514902603608e-01,5.976987281052706380e-02,4.311438356651087211e-02
1.685521572829793147e-01,1.052632816758565237e-01,2.023404521695819011e-02
-8.607044455640359970e-02,4.915708438860778851e-02,-2.682235219275652116e-01
-2.751533372524034848e-01,9.889579172997965684e-02,-5.043561748518946564e-01
-5.839257566117479065e-02,1.580021488546060893e-01,1.247036313461360041e-01
7.413568104900225553e-02,-3.018219472769926304e-01,-3.736808678535893935e-01
-1.760598005604058491e-01,-2.215418503299039499e-01,-2.090511292025752643e-01
-2.248033134491433105e-01,-3.277681785683585480e-01,4.532401626285611357e-02
1.231975232419935638e-02,-1.328759329254799448e-01,8.676583452758863946e-02
3.330096361392009263e-01,1.415157273471724653e-01,2.882422710490903928e-01
-1.882303884744455100e-03,2.509371162547212597e-01,7.983519735288966412e-01
-2.644187038433711279e-01,-9.934793492921505098e-02,-1.277556228571393067e-02
9.585142187867058683e-02,6.305890430563122762e-02,1.322581067229511020e-01
4.627827217548131228e-02,1.626352044607418945e-01,-8.644207496744300834e-02
4.287143170690435080e-03,-5.143615981924978264e-01,-7.005162496416776630e-02
1.288133439496580712e-01,3.568147431248097808e-03,3.426718856807993152e-01
1.118230624899592268e-01,1.086949742151890469e-01,5.599651134758317633e-02
1.936597511048889775e-01,-2.897906120887411285e-01,2.945246593947989638e-03
-2.624530439741111776e-01,-4.056317498131709054e-01,-2.553492013742411290e-02
-9.237181606642784482e-02,1.223615561213620417e-01,2.986509697912474379e-02
4.333114933434288885e-01,2.452494649482168942e-01,-1.322700082047943704e-01
-5.302325523579135697e-02,-7.590299063148243930e-02,-2.677113501164318787e-01
1.846683444398056206e-01,2.051271161870140136e-01,-3.914032378084188468e-01
-3.033041438514254007e-01,-9.738932034136699167e-02,1.263323786732203080e-01
5.151963584706749089e-01,-1.909846715923296523e-01,-2.849737758345225469e-01
-3.138975461774521913e-01,1.593824066160269559e-01,2.520873002243208261e-02
1.366440449295285853e-01,8.911537589620492639e-02,-1.560145782504759049e-01
1.377056319755953773e-01,-4.501845448274210959e-01,-7.836558943846069769e-02
1.990363681976094479e-01,9.719178326955039970e-02,-4.397308187995300766e-01
-4.167504892834529295e-01,-1.749494046604596897e-01,2.385663986864987318e-02
-1.328699300870292595e-02,9.561379448708209883e-02,8.295595445627573783e-02
2.425879507172631622e-01,2.260802138107629311e-01,1.547686610386585226e-01
-2.179344248040069876e-01,-7.669470516146421890e-02,-2.098433028111748866e-01
-9.847960999116946168e-02,1.763771132648612738e-01,-2.470444113649561957e-01
-4.481987438560263715e-01,2.873830734094627859e-01,-2.698550667399631231e-01
-3.507511318736313694e-02,4.045260864954018931e-01,-1.684995375494728886e-01
-3.188905576159336563e-01,-7.154088669812113180e-03,2.885211161853819956e-02
-2.740675068675569870e-01,1.032253828573166943e-01,-8.009927239280888178e-02
-6.646439531248263255e-02,3.280155061994046162e-01,2.065356143470646264e-02
1.657264397083005672e-02,1.888254295535248817e-01,2.467816707778358043e-01
4.964546362024771509e-02,2.643286579507692080e-01,3.354272735347271772e-01
3.221091263277477412e-01,3.729887465452453865e-01,-2.871343896464479961e-01
3.849992934867291217e-01,3.034529494354211709e-01,-9.565046548470547416e-02
-5.422628081918169640e-02,-4.567687806181857657e-01,2.208155613613924928e-01
-3.312743256717534668e-01,-5.447975018308718470e-02,5.035147299490886491e-02
-3.015026696830263586e-01,-4.248803448655993908e-01,-4.288451204534545202e-01
1.108929268146923997e-01,3.677342842828724701e-01,2.144385339409876912e-01
-6.179622416951775776e-02,6.032436667520749696e-01,-5.714021134611813046e-02
3.492218976456312740e-01,2.020568316986339763e-01,1.100370753844483740e-01
-1.584142356673068353e-01,-1.479655874065420040e-01,3.119989841586910950e-01
-4.388651065084812619e-01,-3.176020452087296997e-02,3.770098355265989465e-01
2.067236629093906763e-01,-2.040551293774668096e-01,1.661491839429993789e-01
3.211532045108919098e-01,-1.993046758951611264e-01,-9.554564396263935666e-02
-1.025180501309774922e-01,-3.375457165077320187e-01,-3.183477736458572016e-01
-4.093358264568695143e-03,-4.220644216825196748e-01,-1.691080116570155278e-01
5.226014854309072311e-01,-8.477611725584693891e-02,-1.867722407136523655e-01
9.785249879664321970e-02,3.257672672392942365e-02,3.753933192301449062e-01
3.681539830530957541e-02,1.569342974998661766e-01,-3.022069506027853514e-01
-1.729554042954131732e-02,-1.480622742519336899e-01,-1.538026544459625000e-01
8.219756549310196225e-03,6.279730005404452475e-01,2.096296168127401993e-01
5.428171211497490045e-02,-2.205297964766606000e-01,-1.287328027116059204e-01
-1.268055918668746784e-01,-3.358618591223203054e-01,-2.964318965068776790e-01
2.495440656132270202e-02,-1.875709744340587903e-01,7.682421854308084386e-02
-1.842306863546304685e-01,3.558673754965452352e-01,8.212542359744891274e-02
1.597921612395404589e-01,-6.972477906485725907e-02,-3.297215255723369154e-01
2.867383140245040596e-01,1.005871637201305319e-01,8.073136465193631039e-02
2.590789293207830801e-01,-1.465839367846139274e-01,1.011557631821834585e-01
9.975747929447924961e-03,3.417287733497553215e-01,-6.179093178008764065e-03
2.643789759521575355e-02,2.707432525670815937e-01,-2.177107701157496647e-02
2.587536058642013748e-01,-2.297832435172551535e-01,3.541448768242995704e-01
-3.719334943595675735e-02,-2.418935648012863482e-01,1.132782495974741371e-02
-1.461485015476381988e-01,-6.111430653227083697e-03,-2.751722805600524333e-02
-2.584687148789938660e-01,-3.625550390639770693e-01,5.332659512264970036e-02
1.846203690624780847e-01,1.704716748023644701e-01,3.185748326053580159e-01
-4.631878022973582969e-03,2.051982641598275314e-01,2.694513000202419239e-01
4.901632203152068989e-02,-3.135793383155357494e-01,-2.162388637203288833e-01
-2.368883191997652737e-01,3.631038090998575663e-01,-1.273873215975566617e-02
8.702276084722279648e-02,-3.859857163862681073e-01,-1.299412109431423712e-01
1.561208099740632183e-01,-2.482894729747633089e-01,2.663359472007452711e-01
-3.478634138531518927e-01,-2.795763139725829932e-02,4.827616998273726728e-02
-9.574566013647020646e-02,2.515018755610580747e-01,2.961167644446191516e-01
-1.219778058492333173e-01,1.248309548856559731e-02,-1.831734086574675069e-01
-3.988626464676900407e-01,4.884315994876426426e-01,-1.938931162978141665e-01
-3.200020494474355437e-01,-1.635431101120052022e-01,-6.607996749308852058e-01
1.978681123294464550e-01,-2.467057817919081630e-01,-5.105811272315621263e-01
4.285507930463190451e-01,-1.147449331504338949e-02,-1.994494945402933428e-01
-2.723899024580505590e-01,-6.322417561263028729e-02,-2.577279760641073558e-01
1.401502728786351570e-01,3.912874201051410594e-01,-1.410324130600114079e-01
-2.400392655267903352e-01,-1.155575385967979284e-02,3.526218246458719952e-01
1.416523554464540202e-01,3.212774246024457381e-01,-7.490641308953190081e-02
3.108097222091769640e-01,3.785146197697256826e-02,4.145127128298148889e-01
-1.606444343215249551e-02,-7.402185863605589833e-02,7.681729150227231684e-02
-4.518956735216391601e-02,-6.409723672423310870e-01,-5.523938012739134651e-01
-1.272078215629737774e-01,1.720978901104053965e-02,2.169441979031621615e-01
-2.902552923822526720e-01,-8.682396941540600904e-03,3.048679714566914778e-01
7.697517039889323343e-02,1.470236012289432570e-01,3.883281683371406778e-01
3.280691896349293146e-01,-3.115652148050526357e-02,1.472531348553124675e-01
-4.802158175264170659e-02,1.423927683278133072e-01,3.074900508278072264e-01
-5.458092788605339862e-01,1.236807994790186938e-01,2.275673398728285390e-01
-1.221788745761091671e-01,2.179116626994688846e-02,-4.394590358302511574e-02
-4.483065407663241464e-01,-2.953046715131796840e-01,-1.658643684541755980e-01
-2.947806856762598682e-01,-1.751083813580286974e-01,3.490974644899401402e-02
-3.032033552948618094e-02,3.629529216077904130e-01,-4.131134177097484650e-01
2.415308668785328960e-01,-4.422854729152877473e-01,-2.848993795495337600e-01
-1.262490368341937508e-01,4.742405366099332054e-01,2.481073325708449961e-01
8.025540925569747408e-01,5.142316527308214980e-01,1.064633834400123408e-01
-5.354598166220985167e-01,-2.260258997056106278e-01,3.665268682504478903e-01
-4.119812907058638674e-01,-5.362088285474751748e-02,3.347336638958325339e-01
-3.159050656651754552e-01,1.515360520191677829e-01,7.840777468959196639e-02
6.325109271420005508e-02,8.436307309370004448e-02,1.799962468521370540e-01
9.037357220851952033e-02,1.852961272233512036e-01,3.318206288765427892e-01
4.145071006974367089e-02,1.835708621913871019e-01,1.859945946651668514e-01
-1.100995488948698919e-01,-1.335472109475138378e-02,-3.606940993630973202e-01
3.715651671884832585e-01,-3.802632012277324391e-01,3.538101104197248215e-01
2.933149058489900041e-01,2.044002756181623193e-01,-2.526410138283122220e-01
-3.163213091419209699e-01,1.581052892481961680e-01,-4.776112901007197736e-02
-1.281807941584506803e-03,2.003370928651921901e-01,1.376178075633738562e-01
-1.710527532844591247e-01,-3.812778977455083540e-02,-2.209538241853740426e-01
-3.571468734724879135e-01,1.596150935530701864e-01,9.750023182832232016e-02
8.132509581457194464e-03,-3.007511219723324469e-01,6.615695737865917581e-02
-5.595115034862939429e-02,-2.102497617028574114e-02,-1.163576091660743217e-01
1.012698769896689527e-01,4.943019386431447837e-02,-3.453956901853695860e-01
-1.656242035290633741e-01,-1.876468103298115642e-01,2.176284983509340909e-01
6.043660463359058072e-02,2.442409513009916322e-01,2.651614620279266199e-01
2.845981193723645317e-02,2.397317783946164571e-01,2.818007429940769595e-02
2.083584311677715573e-01,2.646890454035936702e-01,5.997940438578545919e-02
1.855653989679565130e-01,-7.406309918826226024e-02,-2.558285320749916769e-01
1.182002322813426390e-02,-1.127528647277348250e-02,1.225491757590979197e-01
6.835008572982761432e-01,4.030700475025608687e-01,-2.719484657411369577e-01
1.519814897919361807e-01,-1.405500963396160152e-01,7.704698776291747653e-02
3.211032738932793063e-01,-8.259681629681321635e-02,9.665673536773392027e-02
-2.781181607164783798e-01,-1.996009318262265686e-01,-1.153566734453884968e-01
-2.186903517536116157e-02,8.407899028891567886e-03,-1.037383760731810378e-01
1.393177307923472719e-01,-2.529171263167773187e-01,-3.905270886891831217e-01
7.959315971501700060e-02,2.689966496919125594e-01,1.599407728033908072e-02
-1.325364276604465430e-01,-4.654064567216881221e-01,-1.570021307984445502e-01
6.940137610038905891e-02,6.825228561197010935e-02,-2.566559795532733501e-01
-6.218913841768026751e-01,-1.246172082612075210e-01,5.029768670084047016e-02
4.837292617355932745e-01,-4.055110279016622687e-01,-4.546656730215672959e-01
3.088166314893293629e-01,3.340120913513098255e-01,-2.753959281154695349e-01
-2.468330336312267725e-01,2.389064105773219537e-01,1.929666365776713244e-01
-2.560006008914234021e-01,3.275202480653562065e-02,-2.265058790601196248e-01
-4.358710908016356633e-01,3.745637558542594947e-01,-3.779305572102059640e-02
3.618393462276435213e-01,1.546422338333665047e-01,2.359642595760055861e-02
1.091393417995787374e-01,9.866942776430141782e-02,-1.564140546886792424e-02
-3.597772672593264193e-02,-1.004252850362988836e-01,2.017116081383247550e-01
8.009527210927128160e-02,-1.054612952335177295e-01,-1.954869581367120468e-01
2.252304601562479525e-01,7.064810290655208769e-02,1.655598790590448455e-01
-5.385118559573437436e-02,-3.986032195414529467e-02,-2.657987995652585367e-01
-4.098830634716365759e-03,2.713802012092318347e-02,2.673572348568462598e-01
-1.117870421997443076e-01,3.277257380214221999e-02,-1.607497555573717263e-01
-3.721664033956725293e-01,-1.668837234535025804e-01,-5.382837396504831506e-01
3.848795142659944268e-01,-2.989429785771344772e-01,2.834117539477946229e-02
6.885632590611218129e-02,-3.512434621381632822e-03,1.422811740483588272e-01
-2.833375225429371480e-01,-1.134861293042999236e-01,4.194454865412205469e-01
-7.919590018929040243e-02,-1.601100602850385746e-01,-1.248012319828714772e-01
1.127511370414888692e-01,1.280796631071070557e-01,-3.280431064434481403e-01
-3.451845969972885952e-01,-1.453143650455030744e-01,1.067969167023245930e-01
-3.348817362026100253e-01,-1.014443521639125795e-01,5.674180480146899797e-01
9.772774642257542332e-02,-1.111009049595615000e-01,9.362089504549553354e-02
-1.018432775167191495e-01,-4.263375756237467590e-02,-1.023468263768806050e-02
-2.858155934182183278e-01,-1.468710941528982572e-01,1.130059202345689850e-01
1.220471330104354740e-01,1.382045348635241588e-01,6.453494618245089742e-02
-3.985366922008053980e-01,3.546978427335183426e-01,5.327806239254823106e-02
-5.550537675229603174e-01,-1.465717688075683367e-01,3.086672344875119323e-01
5.145892820167746046e-02,-2.294546263055089186e-01,4.544920119348062892e-02
8.964329158812579801e-02,2.185823557600057587e-01,-4.165061148885782494e-01
5.375420991311494808e-04,1.411785884442418315e-01,-2.351470435005761639e-01
-1.652206711399729078e-01,5.942870444754276837e-01,-6.021321997389865455e-02
-1.029518707171759445e-02,3.452896642033177754e-02,3.952251486280525944e-02
3.219090569830894699e-01,2.378176449242740964e-01,-3.415035656451205215e-01
-1.421044195637840568e-01,-1.197161136047674435e-01,6.997426825377790587e-03
-2.927430664888327483e-01,2.313855841410526470e-01,-2.418470385470917194e-01
-2.276605105600110757e-01,-2.524781069330221395e-01,-2.018075919835385090e-01
3.545427860074537030e-01,-3.504858503460161478e-01,6.355769886335105312e-02
-2.677823558204176640e-02,6.624484140275450905e-02,2.689573764853982474e-01
-9.774265015719577065e-02,-5.295154545908695165e-02,5.457039945342865295e-01
-1.466412623794045855e-01,-1.314672881113889968e-01,-1.903598679151214668e-01
-9.821780253477924161e-02,-8.346868980027356832e-02,-1.676188717406056905e-01
-2.855998757466670160e-02,-1.199871654711852581e-03,-7.602709078308285406e-02
3.870404984896480549e-02,3.345239655414323221e-01,-2.379454710709025533e-01
2.046130698864922492e-01,-3.868943292685393387e-01,4.600738935822364789e-02
-5.426829280127747346e-01,2.685535480256976970e-01,2.485197347786509137e-01
1.859159940404091563e-02,2.794375151102529431e-01,-9.694706929206099721e-02
5.143476637758240960e-02,-5.992759403287087339e-02,3.960715501873757760e-01
-5.162761074415228579e-01,-4.937255450440219406e-01,-2.022640612066513577e-01
-8.839229365866645149e-02,3.999130179727499179e-01,-3.258571543665492731e-01
-2.499620574760495414e-02,4.452069382603578498e-03,-6.409851828194728096e-01
-2.057127716881790858e-01,-7.636180933652512992e-02,-5.546120564251139085e-01
-1.789703679125876634e-01,4.170665812054094035e-01,3.231333000137245198e-02
-4.881361343650713475e-02,2.879635694592498907e-01,1.055556055489302869e-01
1.445225370014093999e-02,6.616266102215184741e-01,-2.205983347424742697e-02
-3.884576776715898960e-01,3.816002105417626855e-01,2.790093673282502060e-02
-8.727516063194158680e-02,1.832358576078845780e-01,-1.671272713738385651e-01
4.044676000346192901e-01,-1.349730173458486837e-01,-8.468664255892177639e-02
4.263206749395721529e-01,2.712584448777612817e-02,-2.458711225478936169e-01
4.910654074108454503e-02,2.145908396809298180e-01,-3.612680726428142974e-01
-2.784973730192513708e-02,-1.801977714355445792e-01,1.854625782008778867e-01
-6.672402762640208262e-01,-1.426618720246869421e-01,-1.577101521876688450e-01
4.104589052303129204e-01,1.560607670183007112e-01,2.146834864793370143e-02
2.143857561901456599e-01,-1.936081730369130782e-01,1.397640791236474667e-01
-3.063357220046143692e-02,2.708030516677207844e-01,-2.533576083193296302e-01
7.016816147686065763e-01,-1.657680582179728856e-01,1.450609365987037269e-01
2.033005128881467394e-01,1.833969520244044804e-01,-2.341138200637931099e-01
4.057873774868269584e-02,1.909936681707894712e-01,-8.481983720262544066e-04
4.353389855617281756e-01,4.461819160213456592e-01,-6.340789145171381314e-02
-2.489847270151967495e-01,-3.585456839198076229e-01,-6.300627703193865947e-02
4.083026929328182897e-01,2.607015251518340904e-01,-1.227308169581456943e-01
1.347949036228527075e-01,-2.541552918475835088e-01,-1.061606170574447700e-01
1.332063160836362004e-01,2.395951734489320806e-01,-2.310916455188339810e-02
6.757175881307221355e-01,-7.237655259451342138e-02,1.631744550512284897e-01
3.759595447961950887e-01,-9.367677504314188275e-02,-2.893776961871700748e-01
-1.791824445110533348e-02,4.208779079451222538e-01,5.872968275220016854e-02
-1.568489868823307598e-01,-1.644010408985743243e-01,1.617575369982203817e-02
-3.211252870095579470e-01,-5.101063190192749452e-01,-4.258799373316562303e-02
-4.256519985456726912e-02,1.905397008694612315e-01,4.768413072920515278e-02
1.677012464717344831e-01,-1.272037705809545005e-01,9.119347452700619916e-02
-1.700352612579203102e-02,-2.627501913709366366e-01,-4.696895122367096831e-01
8.774104145985321679e-02,-4.323214665647454741e-02,2.020761383196160166e-01
4.975259877726940366e-02,2.835666346671411597e-02,1.368805963175116769e-01
-1.389876043625648261e-01,-3.249274005781024321e-01,3.486753368873976022e-01
-8.095061349004092910e-02,3.467916626552060011e-01,-1.965020976732693471e-03
3.578237374161830076e-02,-1.573900630228559916e-01,1.939182121003703851e-01
6.579870561905291071e-01,2.829905728580933699e-01,-1.772615920337186624e-01
-1.141917100225302295e-01,9.298178063036405261e-02,-1.154791701244132218e-01
1.333417585105040049e-01,-4.192310905743794058e-01,-8.700763774105911563e-02
2.288643076727022996e-01,1.097824651162348543e-02,-1.216064138450661802e-01
2.195354632014931140e-01,-1.488782886846763687e-01,3.773794855387485690e-03
5.498169180176069827e-04,-1.478548327600072154e-01,2.142377205557850495e-01
-1.335107076362437029e-01,2.641384094995793963e-01,-3.851871636298687812e-02
1.057993589909999033e-01,-3.819826992353179129e-01,-2.681758153722819671e-01
-3.730677102347784713e-01,-1.921379941906201372e-01,4.697567766708451303e-02
1.598724575712779650e-01,-2.545228141278092493e-01,-3.140525056921792957e-01
6.554894501943071827e-02,2.345224071899460194e-01,-3.052261713398204401e-01
1.770648792974891528e-01,-9.440055727208471192e-02,1.217059804153497460e-01
9.904831870828141593e-02,-2.066454659299139240e-01,-3.261152275739410689e-01
2.989141286670005671e-01,-9.830871540093125138e-02,3.597878725968157998e-02
2.340335966093805009e-01,-4.068368727217080288e-02,-1.044278921966610568e-01
-1.213390095200734958e-01,1.151922861023279947e-02,-1.530555473676511735e-01
2.917002519567258867e-01,3.945825294565009911e-02,2.140976828680482835e-01
2.836248634727848994e-02,-5.382282373470813341e-02,-9.623367725640061265e-02
1.930851545202422193e-01,1.422225887480125031e-03,4.995080919011849613e-02
2.681021058724484402e-02,-4.296648621935381801e-02,-9.161811857638987866e-02
4.318888157942669948e-02,4.525005256715783908e-01,-1.501037850034993293e-01
1.896354487940859479e-01,1.028937427219468875e-01,-8.740219298415019544e-02
-2.917326376913028513e-02,-8.721299925565565228e-03,-4.669188769268704520e-01
9.340207464563347883e-02,-2.080329495500221060e-01,-1.149011840089772390e-01
2.175011076663118659e-01,-1.066661994696702087e-01,1.330450115378816467e-01
3.445958583664413544e-01,5.224881698471072616e-02,2.060461237332577300e-01
2.567150166862368632e-01,8.732089485277481911e-02,7.246730807614906733e-02
2.725572024457580400e-01,-9.084962843978479363e-02,9.884181042525906624e-02
-1.856206990375100785e-01,1.048481779237933759e-01,-1.816399815153909303e-01
-1.696625800745139856e-01,1.124642947210293120e-01,1.326409794832623390e-01
1.403025719675951577e-01,1.905419836276506795e-01,1.976206627814791617e-01
3.615937313163595807e-03,-1.296390975702985671e-01,1.297786693972380889e-01
1.373180313425881316e-01,4.988387309906779365e-01,-1.566548676506862581e-01
1.070552822703203510e-01,2.295553051230589670e-01,-9.426883093240433220e-02
1.659709789139220126e-01,1.289778922192483523e-01,-2.008300924712658753e-01
2.616066593373255617e-02,1.904554520999495182e-01,2.959724502868942286e-01
-2.128909427364383544e-01,2.387501050784824608e-01,-3.590422096392417717e-02
3.076240293571869677e-01,-2.086461132564151194e-02,-2.746795069044707591e-02
1.786733419786246391e-01,-1.249565518439633566e-01,-3.464473321970319014e-02
-2.485691233234974817e-01,-3.007390463148512660e-01,-2.492365078357266228e-01
-5.842699513466956818e-01,-1.257233766739123404e-01,-3.883025788187151051e-01
-1.694086661613419531e-01,-2.083045191021850873e-01,-1.107588312515177427e-02
5.506903900011625996e-01,-3.119151799882751222e-02,-1.181011178491806202e-01
3.167455215638378951e-01,-1.216547806540877463e-01,-1.529934134513033783e-01
-4.318958275320088358e-01,2.853606471367214348e-01,-2.982009074835229034e-01
-2.513480545832608715e-01,-1.524925375036744191e-01,-2.687429788917060636e-01
1.013323055023529623e-01,3.111660330105772143e-01,6.663828141915005554e-02
-1.975665432195549964e-01,2.370204291542948594e-01,9.609625722610212750e-02
-2.761764863206328524e-01,4.250311059030822958e-02,2.349943185104463872e-01
8.967652288155619766e-02,1.381215734687078200e-01,-3.839331926347414603e-01
2.882415830374361887e-01,1.112455218463308526e-01,2.149514186990587605e-01
-2.421901484483020284e-01,2.888565112347197816e-01,-8.590459352873140719e-02
-1.187586006655775572e-01,3.413180732033482823e-01,2.130162072907823903e-02
-5.521058249532929951e-02,-2.697361722694079783e-02,-2.883958964436977163e-02
1.804290049819496367e-01,2.917514066996784172e-01,5.073389421782299458e-01
-1.833520997452856710e-02,-2.465980250655324391e-01,-2.027211218624169198e-01
-1.528806316644911456e-01,-3.993919963949300045e-01,-5.219006924894888932e-01
2.130523298842384727e-01,-1.921243374528228964e-01,1.732613437948750668e-01
-1.443187217915955223e-01,2.285785697075168044e-01,-2.641653182898450192e-01
-5.305450266107643031e-01,7.015074576166175149e-03,-2.376365894411414659e-01
-2.177035948654008624e-01,-7.233355069847120788e-02,-3.839004719441082014e-01
-2.757976960115290921e-01,-2.403563082491141090e-01,3.709274701808411567e-01
2.642481819400986920e-01,1.463172015270689519e-01,2.912437340782114137e-01
9.116307562941429465e-02,-1.079685081525431772e-01,-1.063149319808427001e-01
4.016060073525363205e-01,4.653803647960423340e-01,2.034074618179173843e-01
-1.342436466068663153e-02,-4.462616349302609559e-02,-2.559791507157850865e-01
3.947225134982685901e-01,2.079224671227263566e-01,-8.795219355910548209e-02
5.928405259423440848e-02,2.688970265213466368e-03,-4.819227597862868473e-02
7.392899789536934441e-02,-7.168762808677414666e-02,2.557646498162741699e-01
4.040748326183125905e-02,-7.186640281911212125e-02,1.933862966669709083e-01
2.635427179685843613e-01,-2.522620939081521296e-01,2.161681189694235616e-01
-2.982935923776155462e-01,-2.994657981053799878e-01,2.016772786578295007e-01
-3.519163161731442835e-01,-6.392624018035995836e-02,3.403319756560653775e-01
1.200342206861773897e-01,-2.375636215415829755e-01,1.837275802415825610e-01
9.722862051708898445e-02,-1.775546934241546346e-02,1.268633297801372850e-01
3.741757092825270543e-03,3.732308051980226526e-02,-3.244711987798679642e-01
4.323161514798214977e-01,4.063705645186679316e-01,2.771170102930573531e-01
-1.577867275556438936e-02,-1.524594933745732350e-01,3.247904519923665301e-02
1.550859985071460223e-01,3.715548839759948985e-01,-2.821973824286984067e-01
-2.125050322033078531e-01,-5.353062328650295409e-01,-4.005479155855986573e-01
-1.896506700803724521e-01,-1.437030195483045558e-01,-2.311297865220920400e-01
3.177256576018254730e-01,3.484194388935603071e-01,7.352362959196240277e-02
-1.340266948181664530e-01,9.985511200886858230e-03,-2.541563979512296428e-02
-3.426752043787203300e-02,2.499034135139924784e-01,-2.075730776605650973e-01
1.016664336437418381e-01,-3.575115645499871240e-03,-2.543057330853691900e-01
-4.248196888086551160e-01,2.720086955248361971e-01,1.098908103862196450e-01
2.797467062181057673e-01,-9.908851462893143724e-02,-6.825053429546325268e-02
-3.995582753730538839e-01,-2.938573624225662151e-01,-8.372540873786776805e-02
2.879340178126018057e-01,-2.018763511419185142e-01,2.385890142486877252e-01
-2.889581722140726061e-01,-6.049076767428178403e-02,-1.937892274695532102e-01
-1.211649621014799089e-01,4.516755946025582252e-02,2.633463526274010258e-01
-6.899796682493575251e-02,3.428948458416682943e-01,1.486842792263942947e-01
3.269534558293890614e-01,-2.707616043272915163e-01,1.246267815275493018e-01
1.276837008216246960e-01,3.899472193668657716e-01,4.122067489013817032e-01
2.321102756246523346e-01,-1.034105956619878752e-01,1.432960574530068032e-01
1.100436737262706494e-01,-2.878825710872153221e-01,-1.446055497699920308e-06
1.327230490397890983e-01,2.596107144620767304e-01,-5.381085582263190475e-02
-3.265855928132821440e-01,-7.682072617231001932e-02,-1.501766223328399909e-02
3.807542006099635112e-01,-7.098867649862161677e-02,-5.248294879699220983e-02
5.703407652818957840e-02,1.596933578294810196e-01,1.415665191252790944e-01
1.774912661108533629e-01,-1.513942567656542948e-01,-1.750244370552136441e-01
-2.221940939045737862e-01,-1.176391227074127938e-01,1.100002460790582004e-01
3.295966315312526818e-01,-2.692865311831128469e-02,-1.347256820393364085e-01
4.376602263261076403e-02,-8.786006043586333525e-02,-4.315257899202735725e-01
-7.496769020014230900e-02,2.499792981695139471e-01,1.574670880695209496e-01
-3.392248533126978466e-02,1.509009944905581602e-01,-1.478178865044866841e-01
3.101536017468187190e-01,2.154536655737916417e-01,4.366926560597001600e-02
5.210243531328291322e-01,-1.580718245431185220e-01,-1.159578886930461850e-01
2.326567346390651381e-01,-1.804995928218661172e-01,2.328744158238432171e-01
3.357844911644374264e-01,-7.249584222960255009e-02,2.192752031447178507e-01
-1.452078312092554835e-01,-2.015391221106251074e-02,4.294758866048175583e-01
-5.028159248261458991e-01,-6.922564055684828077e-02,-3.700881702402013529e-01
-2.657130676595134133e-01,3.509457399728007493e-02,1.091192969982420213e-01
6.454017460683998675e-02,3.631641325969133804e-01,2.552402422424465689e-01
9.118733635549616801e-02,2.954141431055619105e-01,2.934944236964668468e-02
-3.859364497462673960e-01,2.248116864214324273e-01,-1.627205140018834761e-01
-3.985315459998520909e-02,-1.053454873830961813e-01,3.005555636175245016e-01
-8.019231041731911258e-03,-1.499248233818969156e-01,-2.355428408729757228e-01
1.280051271733858853e-01,-5.933580581784261287e-01,2.464725761045095109e-01
-3.739530198475142786e-01,6.412994847397052167e-02,7.599168878752597667e-02
1.033906393468068952e-01,9.364449914944705800e-02,-2.000778460327865826e-01
-1.244713187370890678e-01,-1.369081014220351611e-01,2.463082415602251083e-03
-1.827740178398422344e-02,-4.075308044193701185e-01,-3.119284473325003582e-01
-7.341873163292102211e-02,7.444970265037642587e-02,1.379692810642328682e-01
6.218996067554161122e-02,-1.984428567978925861e-01,1.238729868931677351e-02
-3.760156980848476660e-02,-9.847526340518958365e-02,-9.426404114278595647e-02
-2.634585952664506014e-01,4.653617913765765168e-01,2.718756802421860019e-01
-4.279718138006832762e-01,-2.298559307541529415e-02,4.859542675571505987e-01
3.995216748026970965e-02,-1.761855388526261945e-01,5.068040257665750170e-01
9.900830082267256596e-03,1.290409882443144807e-01,3.482146359672775859e-01
7.438674494743162391e-02,3.138717433474260132e-01,3.105791670406858329e-01
-4.218936072608296672e-02,6.660070224557760113e-03,1.192151221354660062e-01
3.192942955086381929e-01,8.861382808173005887e-02,-4.436589875009842032e-01
1.857556773005580586e-01,-3.247101713947185275e-01,7.302431253993757476e-02
-5.115069517783740229e-03,6.374543441056939978e-03,1.514590791942981851e-01
1.628562296193120651e-01,8.902430713452778865e-02,-6.882597382846455947e-02
1.469909595022051915e-02,-1.229967962328765430e-01,3.004279479952025045e-01
-2.881764604592981782e-01,2.877288178406467445e-01,3.246621790765517046e-01
-6.859167493181228537e-02,-1.101149150336516551e-02,3.632578014676361988e-01
-1.215109036177484426e-02,-4.010790229977507781e-01,-4.458766402179148436e-01
-1.736490926949589217e-02,-1.562442822115306107e-01,-1.830573927342858953e-01
1.533381218039591987e-01,-3.439895098383240896e-02,2.258758278467260794e-01
-1.154816890348513286e-01,7.921230144390073447e-02,-5.571712931830811177e-01
3.742745256512404750e-01,9.226013730986133698e-02,-4.141873950517177549e-01
6.603514664614171248e-02,2.177569997057250684e-01,-3.692871925084954127e-02
-1.184571424405137310e-02,2.838672627946195806e-02,1.852602520047662849e-01
1.561266689520573459e-01,-6.639874190662371778e-02,-2.532330851955977291e-02
1.656780366097162505e-01,6.393152239774492207e-01,-3.938656148160731701e-02
2.756063845295895209e-01,-2.516288636356456276e-01,1.373011204403736252e-01
3.008676936613749464e-01,1.307826215929743241e-01,-1.394134361860323301e-01
5.504005139659837176e-02,-2.461534741169825111e-02,1.719177483943246099e-01
-3.106202424280002927e-01,1.168873969649429773e-01,-2.026474174779990811e-01
3.457414058725017530e-02,4.129534903871137086e-01,-1.688962057652392545e-01
-6.704515437876383821e-01,-1.531850114677722752e-01,-3.846984022704024175e-01
-5.026801771914533035e-01,-8.864530367135252387e-02,1.557723287590706829e-01
2.009186116025769853e-01,3.204271074871538061e-01,-2.524558014220380509e-01
-1.590272720118987293e-01,4.782126857496429850e-02,-2.705249772512294260e-01
4.658796441423757040e-02,1.447110149119134048e-01,-1.784198033258474481e-01
-4.054576422592878204e-01,1.868516755679654473e-01,-3.464426229135526003e-01
-6.437579350083244556e-02,5.440320069032230504e-02,2.675401661506183748e-01
4.200979587965567724e-02,1.461582290424702224e-01,4.477314656011294192e-01
1.735275759282248753e-01,-2.147452864400939410e-01,-3.475612512650304992e-02
1.367223241791360941e-02,4.271160329145487489e-01,-1.740610192264996914e-01
-4.833254702145535209e-01,-7.159002971282434069e-02,-3.714887029670764507e-02
1.480332181937785430e-01,-2.606157497237019185e-02,4.032616576535724695e-01
-7.379506163266116858e-02,1.982441089234504017e-01,5.609629738809637778e-02
6.486653163742775452e-02,8.950706777515160528e-02,1.675620416745891850e-01
1.828031055488960333e-01,4.054696882726538942e-01,4.169599208719192429e-01
4.306720800895252887e-01,-2.326441280066590331e-02,1.777861326334871650e-01
3.587952972507274518e-02,-1.917269701319901376e-01,-4.611092907836856214e-01
2.813706301622559969e-01,-8.383174630546111339e-02,-8.485428815928489077e-02
-2.059056672003738708e-01,9.156071840509101556e-02,-1.204266335815848549e-01
-4.405014561874424639e-01,-2.860744277229788635e-01,-3.151387421672625644e-01
-2.481339976295248717e-01,1.256035247622220019e-01,-3.910061633675508408e-01
-5.000407075160665654e-02,-5.272949172712214361e-02,2.068719045640379506e-01
2.914933780661642659e-01,4.398995291838825872e-01,5.456854649922930900e-01
6.782123202078421675e-01,-2.626208358056901226e-01,-3.351921766709810568e-01
-1.962795580912967686e-01,-2.065853101068609310e-01,-4.772859282980624479e-02
2.855609471960854906e-01,-3.884642906007249041e-01,1.557085556435646168e-01
-3.251346101900468577e-01,5.708627851337297887e-01,-4.280500053049560161e-01
1.478808363123840230e-01,-1.326461679784813608e-01,-1.560284864268194488e-02
-2.227188892553131142e-02,-1.293658299487517316e-01,5.985287210219255444e-02
4.228393464485376285e-02,9.968388495667174221e-02,-1.964789317864794604e-01
2.740709234475649514e-01,-1.681813229303756943e-02,-2.707215789803825712e-01
-1.770234285612576064e-01,2.054024765427267252e-01,3.646621254066821638e-02
-2.624851268997969722e-01,-7.277296990574337598e-02,-6.128826851995569994e-03
1.408963889396704638e-01,7.121084224756289993e-01,-9.565353359873221550e-02
1.155888898459349612e-01,2.582983527687335301e-01,-2.932018510463432065e-02
-2.030922300109036238e-01,4.695835789169189867e-01,1.165841245010445365e-01
-1.437613850374977742e-01,2.551532929273030992e-01,3.315033104614232840e-01
5.008307622180992874e-02,-2.341100037589814442e-01,-3.691891276651041998e-01
1.439623796673125122e-01,6.532886209753405171e-02,7.278804312238887353e-02
3.598753987515704300e-02,5.470239393886725671e-02,-1.773254446153788716e-02
-1.439326278250917801e-01,-3.549742496039583195e-02,-2.870180338992293079e-01
6.361845412248414711e-01,2.443054698060159735e-01,1.494773529804423184e-01
-2.510473272642519960e-01,-6.297359773577929642e-01,1.555138445150645171e-02
-2.261100048093794279e-01,1.055187870046460918e-01,-1.616463286799342258e-01
-4.718233163150241105e-01,1.221868185488123905e-02,-2.271839517860643753e-01
1.160806234189537545e-01,3.913859597324418488e-02,-2.297313296844714081e-01
7.178207594963771643e-02,1.729563821868015383e-01,4.858575734496274612e-02
1.096382737103795690e-01,2.214368843725678937e-01,-1.386102276581338000e-01
9.938058431905018308e-02,2.160716812857825520e-01,-1.906375419801551591e-02
-2.413152196155499141e-01,-3.706500026832215688e-01,4.452760983855058030e-01
2.977023712045510084e-01,2.164483149742655460e-02,2.777852943094452076e-01
-5.440276313757389515e-01,-1.228702403414919098e-01,-2.694131737739658417e-01
-1.461119844662964462e-01,-7.543821085030764928e-02,2.090966507359068027e-01
-8.033007186509449893e-02,-8.840415721496339141e-02,1.820945388822899080e-02
2.189145365404083499e-01,-1.087019868315814292e-01,3.301584617179225134e-01
-2.736612976683795440e-01,4.213069216767507952e-02,-7.283485638037755228e-02
1.652633418157623824e-01,-6.389050773798281291e-02,5.310587057484142948e-01
-2.134556034829220295e-01,-1.304122340080899056e-01,1.268194532254727225e-01
-6.069300894821028081e-02,1.846409089813441928e-01,1.929624789756483882e-01
-2.771964763488270478e-01,1.344769962744828407e-01,-9.845723148190142771e-02
6.837022349673117783e-02,-6.462086810724065877e-01,8.513586470985032295e-02
5.421877098493518843e-02,1.004964710182098542e-01,-9.579112428359888229e-03
-3.324675409162161643e-02,2.642488341808733182e-02,5.047917329163260913e-02
-3.518182904720020265e-01,-7.557061354039873446e-02,-4.221651034268302238e-01
2.060752969824285741e-01,-2.343237779482497951e-01,-2.233557762626383336e-01
-1.203178057372699750e-03,8.159882196575501956e-01,-1.456483058374193063e-01
-1.164681423537578531e-01,-1.839416551321119420e-01,-3.040602822872916500e-01
8.999534761153062112e-02,-2.293130034598358791e-01,2.967756057736419262e-01
2.567434219653103034e-01,-1.001673103508976398e-01,-2.769581201016408367e-01
-2.869062881439261511e-02,-1.679252185564983069e-01,-3.734017002408330788e-01
-4.386524014517589887e-01,-1.178611062494748073e-03,1.629620311979590730e-01
-1.759808654053824917e-01,-4.117389381200289855e-01,-6.663606315286034563e-04
-2.449826269867905471e-01,-9.682210914573383120e-02,-1.254518734426425808e-01
1.231659244908196726e-01,-5.106745171637466774e-02,1.889943019396360946e-01
1.101055715378948946e-01,-2.219624342628835362e-03,7.177323255974152327e-02
2.354686030616533199e-01,9.810561006832467512e-02,-1.548737043758361964e-01
3.813648190627706974e-03,1.370243136593570499e-01,-1.674002777083904436e-01
6.118075368738466052e-02,2.242950501690713430e-02,-3.993571398159811991e-02
6.798124805981170526e-02,2.805311068490493054e-01,-2.050122103724518197e-01
-4.288470083245513736e-02,6.253944801955836630e-02,-6.967775296062886717e-03
1.413289097312014075e-01,-6.351162375893976142e-01,1.668356365567241761e-01
1.711295287004024057e-01,2.571179160047756818e-01,4.709057761509496398e-01
-3.529352769326747907e-01,2.505266777224620656e-01,1.184634308827459404e-01
-3.990606655301678352e-01,-4.831901394489960255e-01,7.433007419285646289e-02
1.337337088492673298e-01,-1.397689129786303663e-01,-5.285301424157569095e-01
-8.236436467284899421e-02,-1.664357947359704215e-01,7.457189135762610777e-01
-7.337713414672159505e-03,7.180418851560402271e-02,-1.315202078393763185e-01
9.474846039769570238e-02,-4.686412817452450530e-01,-1.441044319893181047e-01
-3.745955144309063845e-01,1.067245903599130935e-01,8.775336810617888339e-02
-1.117744387416569202e-01,-3.001413028232260416e-01,1.498089901868271956e-01
-4.214528888557389497e-01,-7.460493160579068084e-02,4.327245357233814455e-02
1.430914877358663573e-01,3.495513577901044472e-02,3.488042845380286833e-02
4.263357667930319228e-01,4.478554261515325097e-01,9.573735874338649976e-03
1.897063973892770261e-01,4.412255943292412441e-01,1.940486804899237416e-01
1.430106728939988803e-01,-1.838442750745671039e-01,-6.890954351490297114e-02
-3.666923966566099091e-01,-1.460972087769979166e-01,1.640003892632544147e-01
-2.894555844540251943e-01,-9.234241870958073695e-02,-4.133124474446086410e-02
-2.112614411289893412e-01,1.967952801131825913e-01,-3.558983915411362275e-02
-3.506832008966300762e-01,1.931213234328364031e-02,-4.650098188032805169e-01
6.606103392906617633e-02,7.204875394396257349e-01,-1.350973376750392030e-01
2.595735081648317677e-01,-5.097913053359737906e-02,1.717767581047450476e-01
-2.280620782750594489e-01,-3.959972321014389868e-02,1.886989617959870802e-01
-4.283451093620090772e-02,1.786139539114232899e-01,-3.175367365378561901e-01
-1.010973677753398969e-01,2.786016623687146976e-01,-2.122312911971589444e-01
-3.017349548489644540e-01,7.702687273860357731e-02,-1.351937958996426992e-01
5.073872900436707800e-01,-8.409941013781947750e-02,-5.803642711381004071e-01
-5.098361440437783054e-01,-1.411650256762094491e-01,-1.075721175397126653e-02
3.481592583037593225e-01,2.468134239285356760e-02,-2.228406683227539264e-01
-8.132843919907016550e-02,-2.271097161095335104e-01,-1.852160781271300349e-01
-7.233914282306228016e-02,3.972226003883125300e-01,1.747984661141653295e-01
1.770745943978803139e-01,-1.017193797056740179e-01,5.533368493206868299e-01
2.494087042798093234e-01,6.765172617268881972e-01,-1.302978846330458129e-01
-1.489642973659823233e-01,1.807826772416523120e-01,2.733557907395518516e-01
1.112319066840855158e-01,-3.209007279845828980e-02,-5.162205074631340818e-01
4.104513116880087464e-01,1.065227574617003820e-02,2.207804901863176239e-01
3.984242149181883574e-01,-7.030950913466875452e-02,-8.214735880733212148e-02
2.165104485143705404e-01,-3.413497140894702908e-01,-2.569015426415728887e-01
2.570154819664216550e-01,-8.396724482180427385e-02,1.516115804400202660e-01
